,company,comp_id
0,"АО ""ДОМ.РФ""",1263
1,ПАО Банк ЗЕНИТ,538
2,"ПАО ""Калужская сбытовая компания""",5830
3,ПАО МОСОБЛБАНК,26831
4,"ОАО ""Левенгук""",31319
5,"ПАО ""ГК ""Нижегородский""",9613
6,"ПАО ""КЗФ""",888
7,АО БПЖТ,20410
8,"ОАО ""Швейная фабрика ""Победа""",32716
9,"АО ""ПЗ ""Расцвет""",36290
10,"ОАО ""МПОВТИ""",2947
11,"АО ""АВАНГАРД-АГРО""",16644
12,ООО «СФО СФИ»,37574
13,"ОАО ""Демидов-авто""",20089
14,"АО ""ИФЗ""",4308
15,"ОАО ""ДМЗ""",1068
16,"АО ""Промтрактор""",5653
17,"АО ""Торговый дом Казанский ЦУМ""",5305
18,"ОАО ""СОЗ""",3396
19,"АО ""Бываловский машиностроительный завод""",19932
20,"ПАО ""ВОЭ"" ПАО ""Волгоградоблэлектро""",11286
21,"ООО ""Лента""",32010
22,"ОАО ""РОРЗ""",32774
23,"АО  ""Мехколонна""",10211
24,АО «СМП Банк»,26869
25,"АО ""Мособлстрой № 5""",11789
26,"АОР ""Туринский ЦБЗ""",9542
27,"ПСФ ""Автодизель-сервис"" АО",19818
28,"ООО ""Каркаде""",11584
29,"АО ""СофтЛайн Трейд""",37065
30,АО «Сбербанк Управление Активами»,6731
31,"АО ""ЭЛИОН""",14187
32,ЗАО «ИА «Московский»,34263
33,"ОАО ""ЦНИИБ""",33285
34,"АО ""Газпром газораспределение Сыктывкар""",1353
35,"ОАО ""Лакша""",21407
36,"АО ""АТА""",28124
37,"Банк ""Вятич"" (ПАО)",1387
38,"Банк ""ВБРР"" (АО)",612
39,ПАО «УПТК «Чебоксарское»,35508
40,"ОАО ""АГП""",7312
41,"ПАО ""Центрторг""",5702
42,"ПАО  БАНК ""СИАБ""",3856
43,ОАО СМП,12187
44,АО «Ладья-Финанс»,9885
45,"АО ""Атомэнергопром""",11230
46,"ПАО ""Каменское""",7977
47,"ПАО ""МСЗ им. М.В. Фрунзе""",26064
48,"АО ""КПП""",14740
49,"ОАО ""УМ-1""",23501
50,"АО ""Самотлорнефть""",874
51,"ОАО ""Нижневартовскнефть"", ОАО ""НВН""",1137
52,"АО ""Тизприбор""",7548
53,НКО АО НРД,2240
54,ВЭБ.РФ,15609
55,"ПАО ""СФ ""АЛМАЗ""",3849
56,"АО ""СМП""",1556
57,"ПАО ""Сокольский ЦБК""",4836
58,"АО ""Роспечать""",10404
59,"ЗАО ""Велижский леспромхоз""",36744
60,"ОАО ""ТД ""ПРЕОБРАЖЕНСКИЙ""",3623
61,"ПАО ""ИСАТ""",32467
62,"ООО УК ""ОТКРЫТИЕ""",7154
63,"ОАО ""Белозернефть""",872
64,"АО ""Фряновская фабрика""",14927
65,"АО ""Молоко""",6412
66,"ПАО ""Башстройтранс""",3336
67,"АО ""НИИ ""Элпа""",25562
68,"АО ""Донаэродорстрой""",19234
69,"ОАО ""АПО ""Дружба""",22094
70,"АО ""Рассвет""",3744
71,"АО ""Канат""",887
72,"ПАО ""ГеоНеруд""",35754
73,"ОАО ""НПО ""ГЕЛИЙМАШ""",23461
74,"ПАО ""Продтовары""",23674
75,"ОАО ""КОМКОР""",10558
76,"ЗАОр ""НП КОНФИЛ""",3399
77,"АО ""УК ТФГ""",6674
78,"ПАО ""ПРОТЕК""",13943
79,"ПАО ""Нижнекамскшина""",152
80,ООО «УК «Навигатор»,32977
81,"ОАО ""Пятигорский завод ""Импульс""",7791
82,ООО «ГК «Сегежа»,38038
83,"АО ""БСК""",2069
84,"ОАО ""ОЭВРЗ""",1463
85,"АО ""СтИЗ""",22857
86,"ОАО ""ПРОФ-ИНВЕСТ V""",27068
87,"ОАО ""ВАЗ""",483
88,"ОАО ""Мордовглавснаб""",18923
89,ТКБ БАНК ПАО,1475
90,"ООО ""Тинькофф Капитал""",38022
91,ООО «Управляющая компания «Восток-Запад»,38018
92,"ПАО ""Тюмендорстрой""",8354
93,"ПАО ""ОХПП""",17096
94,ОАО «Текстильмаш»,22107
95,"ПАО ""ПО""Горизонт""",147
96,"ПАО ""ГИПРОСВЯЗЬ""",3056
97,АО “Вурнарский мясокомбинат”,11441
98,"ООО ""АТОН""",29792
99,"АО ""ЗАБОРЬЕ""",36036
100,"ОАО ""Элистинский трикотаж""",19537
101,ПАО ГК «ТНС энерго»,33277
102,ООО «Концессии водоснабжения»,35439
103,"ООО ""Вита Лайн""",38062
104,"АО ""ВОРОБЬЕВО""",35016
105,ОАО ПГС № 21,19640
106,"ООО ""МП СвЖД""",28537
107,"ПАО ""МОСТОТРЕСТ""",1220
108,"ОАО ""Аксайкардандеталь""",5411
109,"АО ""Автострада-Центр""",32237
110,ПАО КМЗ,7544
111,"АО ""Волга - Сервис""",4980
112,ООО «Каскад»,37683
113,"ОАО ""Исток""",36373
114,РНКБ Банк (ПАО),2225
115,"ПАО ""СВК ВДНХ""",20698
116,"ОАО ""ГСП № 1""",28500
117,ПАО Московская Биржа,id=43
118,ОАО ГСП №24,19620
119,АО «СГЭМ»,17047
120,"ПАО ""ЧМК""",2116
121,"АО ""ЗиО""",1726
122,"ОАО ""Ахтырский хлебозавод""",6510
123,"ОАО ""МЖК ""Краснодарский""",4951
124,"ПАО ""Телемеханика""",9911
125,"ЗАО ""Кировский конный завод""",27205
126,"АО ""ДЕРЕВООБРАБОТКА""",25385
127,"АО ""Смоленский ДОК""",22436
128,"ОАО ""Газпром газораспределение Воронеж""",5576
129,"ПАО ""Нормаль""",12680
130,"ООО ""Концессии теплоснабжения""",36590
131,Polymetal International plc,33331
132,"АО УК ""БКС""",6918
133,"Банк ""ТРАСТ"" (ПАО)",4197
134,"ПАО ""Уралавтоприцеп""",5760
135,АО ВТБ Капитал Управление активами,28433
136,"ПАО ""Дорисс""",5224
137,"ОАО ""Бамтранстехмонтаж""",7430
138,"ПАО ""Строймеханизация""",4144
139,"ПАО ""Прииск Дамбуки""",7461
140,"ООО ""ИНВЕКТОР""",29593
141,"АО ""Саратовгаз""",8707
142,"АО КМП ""Промжелдортранс""",1866
143,"АО ""АВАР""",1933
144,ПАО «РН-Западная Сибирь»,3867
145,"ОАО ""АРЗ""",7400
146,"ОАО ""ТПК""",1067
147,"ООО ""Профит-Гарант""",29585
148,ООО УК «Система Капитал»,25817
149,"ПАО ""НК ""Роснефть""-Алтайнефтепродукт""",11038
150,"ОАО ""Ивановская ""Райсельхозхимия""",7409
151,"ПАО ""Акрон""",357
152,"ОАО ""АПО ""МУЗА""",25389
153,"ООО ""УК ""АГАНА""",7194
154,"ПАО АКБ ""Металлинвестбанк""",960
155,Банк ВТБ (ПАО),1210
156,"АО ""Родник""",7394
157,"ОАО МСК ""Серышевский""",7399
158,ООО  «РЕГИОН Траст»,6663
159,"АО ""Кызылский хлебокомбинат""",22022
160,"ПАО ""Лента""",23310
161,"ООО ""Ноябрьская ПГЭ""",33691
162,"МОАО ""Седин""",12900
163,"ПАО ""ПК ""Гермес-Союз""",5641
164,"АО ""СОМЗ""",25948
165,"ПАО ""КГК""",17935
166,"АО ""РОСЭЛКО""",14565
167,"ПАО ИСК ""Домостроитель""",4716
168,"АО ""Консервный завод ""Саранский""",31189
169,"ОАО ""Старт-Терминал""",28308
170,ОАО «МЖС»,20719
171,"АО ""Волгогазоаппарат""",10478
172,"ООО ""Промкапитал""",29594
173,"ОАО ""КЗХ ""Бирюса""",2830
174,"ООО ""Роял Капитал""",37312
175,"ОАО ""Завод Старт""",23474
176,"ОАО ""ОРП""",21276
177,"ОАО ""НФЗПМ""",8468
178,"ПАО ""ЮК ГРЭС""",8768
179,"ЗАО ""ПТИЦЕФАБРИКА ОРЕНБУРГСКАЯ""",6379
180,"ООО ""Диджитал Инвест""",35103
181,"ПАО АКБ ""АВАНГАРД""",1070
182,"ПАО ""Продмонтаж""",16131
183,"ОАО ""ЗЧЗ""",25472
184,"ООО ""СИНХ-Финанс""",36890
185,"ОАО ""АВТОТРАНСБЫТ""",12744
186,"АО ""Уралэлектромедь""",2003
187,"АО ""БелЗАН""",1111
188,"ПАО ""ОСФ""",8374
189,"ОАО ""Климовское ХПП""",14418
190,"ЗАО ""ДОН - 1""",3171
191,"АО ""ЮЛК""",16944
192,ООО «КИСТОЧКИ Финанс»,37693
193,"ОАО ""БКЗ""",10130
194,"АО ""Авиаагрегат""",14898
195,"ПАО ""ЦКБ ""Айсберг""",9739
196,"ПАО ""Лензолото""",1991
197,"АО ""Полиграфоформление"", АО ""Полиграф"", АО ""ПОФ""",12913
198,"ООО ""Держава-Платформа""",37234
199,"ОАО ""Востокремстрой""",23722
200,"АО ""Автострада""",11184
201,"АО ""Учалинский ГОК""",1163
202,"ПАО ""Варьеганнефтегаз""",3166
203,"АО ""Металлист-Самара""",20647
204,"ОАО ""Автоколонна № 1131""",12106
205,"АО ""МЗ ""САПФИР""",1496
206,"ОАО ""Коммунэнерго""",19281
207,"ПАО ""БКСМ""",7861
208,"АО Банк ""Национальный стандарт""",27836
209,"АО ""Первомайскхиммаш""",9330
210,"ОАО ""Интеллект Капитал""",30684
211,"ПАО ""Группа ЛСР""",4834
212,"АО ""Бийский аэропорт""",11326
213,"ОАО ""Валерия""",3266
214,"ОАО ""ТДСК""",1744
215,"АО ""ЭКСПОЦЕНТР""",30406
216,"АО ""АЛЬФА-БАНК""",1389
217,"ПАО ""Продторг""",17643
218,"ПАО ""Коломнатекмаш""",7690
219,"ПАО ""МПСМ""",8067
220,"ПАО ""Уральский завод ЭМА""",13146
221,АО РТИ,18175
222,"ОАО ""Завод ""Реконд""",4465
223,"ПАО ""Нижкомплект""",8780
224,"ОАО ""МШЗ""",830
225,ООО «РЕГИОН-ИНВЕСТ»,34570
226,"ОАО ""Институт корпоративного управления”",12881
227,"ОАО ""ММК-МЕТИЗ""",id=57
228,"ПАО АФХП ""Сардаана""",7586
229,"ПАО ""СУПЕР""",27007
230,"ОАО ""СЗТТ""",372
231,"ОАО ""Трехгорная мануфактура""",1431
232,"ООО ТП ""Кировский""",37689
233,"АО ""Завод ""Экран""",2707
234,"ПАО ""Туланефтепродукт""",9361
235,ОАО «ПДСК»,14090
236,"АО ""Озёры""",19341
237,"АО ""САРЭКС""",5502
238,"АО ""Ивановогоргаз""",20016
239,"ПАО ""СКБ-банк""",457
240,"АО ""Третий парк""",9619
241,"ПАО ""РЭСК""",5422
242,"ПАО ИФ ""Аз-Капитал""",167
243,"ОАО ""Речной порт Улан-Удэ""",29306
244,"ПАО ""ЧТПЗ""",2772
245,"ОАО ""Металлист""",25399
246,"ООО ""ЭБИС""",37232
247,"ПАО ""ОТМ""",12041
248,"ОАО ТТК ""Кросно""",10745
249,"ПАО ""КСМ-10""",21510
250,"ПАО ""Перовский комбинат строительных материалов""",26987
251,"АО ""МСП Банк""",451
252,"АО ""СМТ""",5855
253,"ПАО ААК ""ПРОГРЕСС""",8990
254,"АО ""ОДК""",27324
255,"ПАО АК ""Рубин""",22069
256,"ПАО ""Туполев""",11474
257,"ОАО ""Сахалиноблгаз""",7579
258,"ОАО ""УМ-3""",7809
259,"ОАО ""Экскавация""",26091
260,ТИСИЭС ГРУП ХОЛДИНГ ПИЭЛСИ,38033
261,"САО ""ВСК""",1968
262,"АО ""ЮАИЗ""",10603
263,"АО ""Борремфлот""",1867
264,"ООО ""Кузина""",37954
265,ПАО «ГК «Самолет»,36419
266,"АО ""АВТ""",21478
267,"ОАО ""ЧШФ ""Одежда""",12600
268,"ОАО ""Исеть-фонд""",4728
269,"АО ""Механизатор""",10227
270,"ОАО ""ДУБИТЕЛЬ""",2678
271,"Государственная компания ""Автодор""",27572
272,"АО ""ПНИТИ""",11318
273,"ПАО ""КТК""",5964
274,"АО ""Коломенский завод""",4250
275,"ОАО МТУ ""Орион""",3824
276,"ОАО ""ГАТП""",27719
277,"ПАО ""Южный Кузбасс""",1411
278,"ОАО ОмПО ""Радиозавод им.А.С.Попова"" (РЕЛЕРО)",17007
279,"АО   ""Кинотеатр Центральный""",20322
280,ПАО «ТрансКонтейнер»,11194
281,"ПАО ""АРМАДА""",10114
282,"АО ""ПЭС""",6646
283,"ПАО ""Кубаньэнерго""",2827
284,ЭТАЛОН ГРУП ПИЭЛСИ (ETALON GROUP PLC),38096
285,АО «Тулаточмаш»,16662
286,"АО ""БиКЗ""",5017
287,"ПАО ""МРСК Волги""",12131
288,"ПАО ""Россети Северный Кавказ""",12418
289,"АО ""Гидроагрегат""",2898
290,АО «Волгоградгоргаз»,13651
291,"АО ""Комбинат Стройконструкция""",10083
292,"ПАО ""Варяг"", ПАО ""Завод ""Варяг""",5829
293,"ПАО ""Белуга Групп""",7380
294,"ПАО ""АСЗ""",1381
295,"ООО ""ХКФ Банк""",4644
296,"ОАО ""Весна-23""",35442
297,"ПАО ""Кировский завод ""Маяк""",5724
298,"АО ""Иргиредмет""",12926
299,"ОАО "" Дубитель """,11527
300,"ОАО ""АБС ЗЭиМ Автоматизация""",2829
301,"ОАО ""Тепловые сети""",17509
302,"АО""Омскавтотранс""",5375
303,"АО корпорация ""Нечерноземагропромстрой""",35697
304,"АО ""Себряковцемент""",19681
305,"ПАО СЗ ""ЭКРАН""",16452
306,ПАО СВТ,32089
307,"Банк ""Возрождение"" (ПАО)",120
308,ПАО «Россети Юг»,11999
309,"ОАО ""Алтайкрайгазсервис""",1038
310,"ПАО ""ЧЕЛЯБИНВЕСТБАНК""",1780
311,"ОАО ""МРСК Урала""",12105
312,"ПАО ""Варьеганнефть""",758
313,"ПАО ""Коршуновский ГОК""",3552
314,"ОАО ""Амурфармация""",9371
315,"ПАО АКБ ""Приморье""",2839
316,"ОАО ""Анадырьморпорт""",29089
317,"ПАО ""Сахалинэнерго""",4842
318,"ПАО ""НК ""Роснефть""-Дагнефть""",10905
319,ОАО «Вязниковский леспромхоз»,8048
320,ООО «Магистраль двух столиц»,34959
321,"ОАО ""Завод ЭЛКАП""",26207
322,"ПАО ""Саратовэнерго""",3346
323,"ООО ""РОЛЬФ""",37542
324,"ПАО ""ДЭНИКОМО ГРУПП""",36398
325,"ПАО ""ЗКИ""",14987
326,"ПАО ""Богучанская ГЭС""",1573
327,"ПАО ""ПБТФ""",1676
328,"АО ""Красногорское""",24020
329,"АО ""Маслокомбинат Чановский""",6515
330,"АО СКБ ВТ ""ИСКРА""",21314
331,"ЗАО  ""Петродворцовое""",38079
332,"ОАО ""КУ ""Венцы-Заря""",12589
333,"АО ""Промжелдортранс""",4651
334,"АО ""ЦЕНТРТРУБОПРОВОДСТРОЙ""",37958
335,"ООО ""Станция""",37505
336,"АО ""Гарант-сервис""",18944
337,"АО ""ГПБ — УА""",11922
338,"ООО ""МигКредит""",34679
339,"АО ""Национальный капитал""",11155
340,ПАО Сбербанк,3043
341,"ПАО ""Газпром нефть""",347
342,"ООО ""ГТЛК-1520""",37697
343,ПАО «НК «Роснефть»,6505
344,МКПАО «ЭН+ ГРУП»,37955
345,ООО «СФО РУСОЛ 1»,37931
346,"АО ""Краснодарстрой""",10055
347,ИНГ БАНК (ЕВРАЗИЯ) АО,24315
348,"АО ""НАЩЕКИНО""",36506
349,"ОАО ""АПК ""Константиново""",310
350,"АО ""Опытное производство""",38071
351,"ПАО НК ""РуссНефть""",534
352,"АО ""Тбилисское ГАТП""",27420
353,"ПАО ""ГМК ""Норильский никель""",564
354,"ООО ""Жилкапинвест""",37276
355,"ПАО ""ТМК""",274
356,ПАО «Компания «Сухой»,13900
357,ООО «Авенир»,34364
358,"ПАО ""ПЕНЗМАШ""",2597
359,"ПАО ""Группа Черкизово""",6652
360,ПАО “Совкомфлот”,11967
361,"ПАО ""Морион""",1172
362,"СПАО ""РЕСО-Гарантия""",100
363,"АКБ ""Держава"" ПАО",1651
364,"ОАО ""КУМЗ""",id=45
365,"ОАО ""Авангард""",5089
366,"ПАО ""Арго-Инвест""",5271
367,"АО ""Вертолеты России""",21113
368,"ООО ""Ред Софт""",37300
369,"КБ ""МИА"" (АО)",384
370,"ОАО ""МЮЗ""",12111
371,"ОАО ""Росместпром""",26120
372,"АО ""Сельэлектросетьстрой""",9637
373,ПАО «КМЗ»,8976
374,"ПАО ""МОСКОВСКИЙ КРЕДИТНЫЙ БАНК""",202
375,ООО «УК «Райффайзен Капитал»,37192
376,"ООО ""ДЭНИ КОЛЛ""",37709
377,"ПАО ""НОВАТЭК""",225
378,"АО ""ТГМ Групп""",37052
379,"ПАО ""КЮП""",15399
380,"ПАО ""Саратовнефтегаз""",4802
381,"ОАО ""ЦНИТА""",26786
382,"ЗАО ""Электросигнал""",id=23
383,"ОАО ""Уралтрансстрой""",10147
384,"ООО ""Агрофирма ""Рубеж""",37814
385,"АО ""Трест Гидромонтаж""",7639
386,"АК ""АЛРОСА"" (ПАО)",199
387,"ОАО ""Завод радиоаппаратуры""",882
388,"ООО ""ДелоПортс""",35359
389,"АО ""ПАТП-2""",20814
390,"ОАО ""Аэропорт Ростов-на-Дону""",11475
391,"ПАО ""ГСКБ""",4645
392,"ОАО МТО ""Лазурь""",21586
393,"АО ""1 МПЗ им. В.А. Казакова""",6866
394,"ЗАО ""Спиринское""",4505
395,"ОАО ""ВНИПИнефть""",25352
396,X5 Retail Group,37240
397,"АО ""Трест Мурманскморстрой""",13804
398,"ОАО ""Инвестор""",19805
399,ПАО Ставропольпромстройбанк,3573
400,"ОАО ""Удмуртнефть""",1370
401,"ООО ""ФИНКОНСАЛТ""",37156
402,"ПАО ""Уралкалий""",1233
403,"ОАО ""РЖД""",4543
404,"ПАО ""Тулачермет""",1605
405,"ПАО ""Санкт-Петербургская биржа"" или ПАО ""СПБ""",4566
406,ОАО «СЕРВИС-ЛЮКС»,34843
407,"ПАО ""Норвик Банк""",2176
408,"ПАО ""Полюс""",7832
409,"ПАО ""АТП ЯЭ-холдинг""",7147
410,"АО Банк ""Онего""",1902
411,"ОАО ""Вяткаагроснаб""",8025
412,"АО ""ЦЭЧМ""",36337
413,АО им. Н.Е. Токарликова,9642
414,"ОАО ""Рикор Электроникс""",7552
415,"ООО ""Трейдберри""",37661
416,"ПАО ""ТД ""Холдинг-Центр""",260
417,"ПАО ""Аэропорт Кольцово""",4565
418,"ПАО ""ИНЭУМ им. И.С. Брука""",6123
419,"АО ""ЛОМО""",439
420,"ПАО ""Форест""",3433
421,"ОАО ""Фабрика производства платков""",22308
422,"ПАО ""Мордовская энергосбытовая компания""; ПАО ""Мордовэнергосбыт""",5754
423,"ООО Специализированный застройщик ""СК Легион""",37393
424,"ПАО ""Промсвязьбанк""",617
425,"ПАО ""Муссон""",35135
426,"ПАО ""СН-МНГ""",568
427,"ПАО ""ОДК-Кузнецов""",21279
428,"АО ""Домодедовская инициатива""",25201
429,"ПАО ""Ижорские заводы""",2030
430,"ОАО ""Терминал Астафьева""",2722
431,"АО ""Завод Автосвет""",983
432,"ОАО ""Сыродел""",5932
433,"АО ""ПОЛИМЕР""",18494
434,"Инженерно-технический центр ОАО ""Вега""",22200
435,АО ПИ КЧАПП,8046
436,"АО ""ПИиНИИ ВТ ""Ленаэропроект""",12897
437,"АО ""Банк Интеза""",1891
438,"ПАО ""Витабанк""",815
439,ОАО ИНВЕСТСЕРВИС,1433
440,"ПАО ""ГК ""Космос""",1350
441,"ПАО ""Завод ""Радиоприбор""",16650
442,АО «ПО «УОМЗ»,9179
443,"АО ""Энергопром""",9577
444,"ООО ""ФЭС-Агро""",37730
445,"АО ""Нижегородский водоканал""",22689
446,"АО ""Автоколонна-1425""",10409
447,"ПАО ""Корпорация ""Иркут""",id=76
448,"ЗАО ""Агрофирма ""Победа""",36653
449,ЗАО «ПЛЕМЗАВОД «АЛЕКСАНДРОВО»,38143
450,"ПАО ""Барановское""",9359
451,"ОАО МВЦ “Интерсиб""",22141
452,"АО ""ПАИЖК""",20342
453,ПАО «ГУСЬ-АГРО»,14450
454,"АО ""Красный Перекоп""",7131
455,"ОАО НПО ""Химавтоматика""",10737
456,"ЗАО ""Левокумское""",2307
457,"ПАО ""ИНВЕСТ-ДЕВЕЛОПМЕНТ""",34421
458,"ОАО ""ДСК""",22786
459,"ПАО ""ОИРП""",7354
460,"АО ""ИФКУР-Забота""",134
461,"ПАО ""МЕТКОМБАНК""",1436
462,ОАО «Мосстройпрогресс»,4239
463,АО «ФЕОДОСИЙСКОЕ АТП № 14312»,36172
464,"АО ""Пензенское объединение автовокзалов""",15715
465,"АО СПК ""Смоленскагропромдорстрой""",22461
466,"ПАО ""ЯСЗ""",6449
467,"ООО ""ТЕХНО Лизинг""",37765
468,"АО ""Перлит""",35691
469,"АО ""Газпром газораспределение Киров""",12670
470,"АО ""Микротехника""",23956
471,"ОАО ""Дорожное эксплуатационное предприятие №184""",32867
472,"ООО ""Пионер-Лизинг""",37349
473,"ОАО ""БЗРТО""",4143
474,"АО ""Ярстройтехника""",29729
475,ЗАО «КРАУС-М»,36405
476,"ОАО ""Колос""",14801
477,"АО ""Северное ПКБ""",17353
478,ОАО ВНИПИ Тяжпромэлектропроект,11639
479,"ОАО ""Суземское РТП""",18750
480,ЗАО «Ламбумиз»,36391
481,"АО ""Газпром газораспределение Саратовская область""",8706
482,"ОАО Э и Э ""Ростовэнергоремонт""",19816
483,"АО ""Тула-Лихвинское ХПП""",20822
484,"ОАО ""Молком""",10220
485,"ПАО ""Радиофизика""",10041
486,"ПАО ""МТС-Банк""",1285
487,"АО ""Омречпорт""",29709
488,"ПАО ""Электромеханика""",3977
489,"ЗАО ""Ипотечный агент МТСБ""",34046
490,"ОАО завод ""Пролетарская свобода""",2040
491,"АО ""НГПИ""",3035
492,"ОАО ""КОЛЕСП""",23327
493,"ПАО ""НК ""Роснефть"" - МЗ ""Нефтепродукт""",29848
494,"АО ""Радуга""",36226
495,"ОАО ""Чкаловское ДРСУ""",19421
496,"АО ""Сокольская судоверфь""",27344
497,"АО ТГК ""Измайлово""",9547
498,"ПАО ""ЧКПЗ""",3306
499,"ПАО ""Евразийский банк""",8865
500,"ОАО ""Товары для народа""",20615
501,"ЗАО ""АГАТ""",37516
502,"АО ""НИИ ТМ""",1500
503,"ОАО ""Тверьпродторг""",19965
504,"ПАО ""Гипротюменнефтегаз""",12013
505,ПАО “Северный текстиль”,4360
506,"АО ""Краснодаргазстрой""",13986
507,"ОАО ""ДСА""",24286
508,"ОАО ""Эпром""",1347
509,"ПАО СМУ  ""Жуковскстрой""",1957
510,"АО ""МОЛОКО""",6763
511,"ОАО ""КАРАВАЙ""",3081
512,"АО ""Кушелевский хлебозавод""",14892
513,"АО ""КОМЗ-Байгыш""",27506
514,"АО ""СвердНИИхиммаш""",14153
515,ООО МФК «КарМани»,37028
516,"АО ""АШ-СУ""",5917
517,"ПАО ""Электроприбор""",3109
518,АО «ТПГК-Финанс»,33085
519,"АО ""Новосибирскэнергосбыт""",15824
520,"AO ""Агрофирма ""Феникс""",30609
521,"ООО ""ИКС 5 ФИНАНС""",9483
522,"АО ""ПО ""Бежицкая сталь""",18056
523,"АО ФЦ ""Народный""",5134
524,"АО ""Мелькомбинат №4""",18938
525,ООО «Л Си Пи Инвестор Сервисез»,35599
526,"ПАО ""АК БАРС"" БАНК",1479
527,"ПАО ""Передвижная энергетика""",7389
528,ОАО РС серного завода,26440
529,"АО ""Завод КПД-2""",13433
530,"АО ""Гипроспецгаз""",380
531,ООО «СФО «СБ Структурные продукты»,37415
532,"ПАО ""ФосАгро""",573
533,"АО ""Электроавтомат""",5225
534,"АО Уфимский завод ""Электроаппарат""",10281
535,МОРСКОЙ БАНК (АО),2255
536,"ПАО ""Птицефабрика ""Боровская""",486
537,"ПАО ""Линейный""",20386
538,"ПАО ""Сигнал""",9804
539,ООО «Обувь России»,37530
540,"ПАО ""СЭС""",5292
541,"АО ""КБАЛ им. Л.Н.Кошкина""",11828
542,"АО ""КМПО""",2574
543,"АО ""Сорбент""",11765
544,"ПАО ""Высочайший""",8394
545,"ООО ""Дядя Дёнер""",37311
546,"ОАО ""Чурачикское""",27896
547,"ОАО ""АМФ""",5046
548,"АО ""Мордовский элеватор""",11682
549,"ПАО ""Земля-инвест""",9989
550,"ПАО ""АКИБАНК""",1118
551,"АО ""Пуринвест""",474
552,"АО ""Вознесенская РЭБ флота""",24536
553,"ОАО ""НЗРА""",14089
554,"ОАО ""Чувашхмельпром""",16459
555,"ЗАО ""Восточно - Сибирский ипотечный агент 2012""",33613
556,ЗАО «ИА АкБарс»,34768
557,"ОАО ""ПКТФ ""Чувашбыттехсервис""",26621
558,"ПАО ""НЗК""",4530
559,"АО ""Нефтекамский хлебокомбинат""",13055
560,"ПАО ""Донтрансавто""",12163
561,"ВАО ""Русская Березка""",14485
562,"ОАО ""Алмаз""",23477
563,"ООО ""Электрощит-Стройсистема""",37681
564,"ООО ""РКТ""",38011
565,"ОАО ""Павловопосадская платочная мануфактура""",3086
566,"АО ""ГК ""Жемчужина""",13667
567,"ПАО ""ПНППК""",14292
568,"ОАО ""Лебедяньавто""",14238
569,"АО ""Электроагрегат""",3205
570,"АО  ""Белар""",14457
571,"ОАО ""Воронежская кондитерская фабрика""",3315
572,"ОАО ""ЦНПО ""Ленинец""",7538
573,"ОАО ""Биохиммаш""",34673
574,"АО ""СФЕРА ЖИЛЬЯ""",29320
575,"ОАО ""ТВЭКС""",3410
576,ОАО «Империал»,9205
577,"АО АПРИ ""Флай Плэнинг""",37277
578,"АО ""Лента""",4240
579,"АО ""ЯАПП""",7612
580,"ПАО ""Роствертол""",3654
581,"ОАО ""Тюменнефтекомплектсервис""",4386
582,АО АТП-1 «ОАПСТ»,13246
583,"ОАО ""НИИсантехники""",36802
584,"ПАО ""Строймаш""",1895
585,"ООО НПП ""Моторные технологии""",37964
586,"АО ""СК ""Эпрон-8""",37022
587,"СПАО ""Ингосстрах""",119
588,"ОАО ""Вурнарская ИПС""",12500
589,"ОАО ""Птицестрой""",21613
590,"АО ""БГАТП №3""",21066
591,"ОАО ""Юрьев-Польскийсельхозхимия""",37712
592,"ОАО ""ТАКФ""",2161
593,"АО ""Энергоцентр""",9828
594,"ОАО ""БЗЖБИ""",7951
595,"ЗАО ""СИГМА-ГАЗ""",5835
596,"ГУП ""ЖКХ РС(Я)""",33834
597,"ОАО ""ЛЗЖБИ""",8418
598,"ЗАО ""Сыркомбинат ""Тихорецкий""",8853
599,"АО ""Теплосеть"" г. Невинномысск",27568
600,"ОАО ""НИИ Электромера""",899
601,"ОАО МРМЗ ""Промавторемонт""",9626
602,"АО ""Борхиммаш""",14263
603,"АО ""Таймыргеофизика""",9381
604,"ПАО ""Детский мир""",6788
605,"ОАО ""Промсвязь""",21953
606,"ОАО ""У-У ППО""",14610
607,"АО ""Теле2-Санкт-Петербург""",19286
608,"АО ""ВОДТРАНСПРИБОР""",3561
609,"ОАО ""СУ-7 СМТ""",21547
610,"АО ""РН-Влакра""",21321
611,"ПАО ""Татнефть"" им. В.Д.Шашина",118
612,"ПАО ""НК ""Роснефть"" - Мурманскнефтепродукт""",12722
613,"ПАО ""МОНТАЖ""",19357
614,"ПАО ""Уралпромпроект""",13415
615,"АО ""Полет""",2303
616,"АО ""ЧЕХОВСТРОЙ""",15018
617,"АО ""Башкиргеология""",1458
618,"ПАО ""Магнит""",7671
619,"ОАО ""Сахафармация""",14265
620,"АО ""Стронег""",3286
621,"АО ""ПО ""Севмаш""",13354
622,"ПАО ""ГАЗ""",859
623,"АО ""ФПК""",30119
624,"ОАО ""ДАЛЬСИСТЕМА""",13917
625,"ПАО ""ОГК-2""",7234
626,ПАО «Интер РАО»,12213
627,"ПАО ""НМТП""",3900
628,"ПАО ""Гидроавтоматика""",10181
629,"ОАО ""АТП ""Левобережное""",23944
630,"ООО ""ПР-Лизинг""",37307
631,"ОАО ""Автомобилист-1""",29801
632,"АО ""ФРИТЕКС""",2791
633,"АО ""Тавдинский хлебозавод""",22222
634,ПАО «ФСК ЕЭС»,379
635,"ПАО ""САФМАР Финансовые инвестиции""",11328
636,"АО ""Банк ДОМ.РФ""",3196
637,"ПАО ""Приморавтотранс""",720
638,"ПАО ""Кокс""",7772
639,"ОАО ""ЮМК""",22250
640,"ОАО ""КОРМЗ""",1173
641,ПАО «МРСК Центра»,7985
642,"ОАО ""Кожгалантерея""",9639
643,"ПАО ""ЧТ""",9973
644,"ООО ""Экспобанк""",7601
645,"ОАО Уральский капитал""",13594
646,"ОАО ""Электроприбор""",11992
647,"ПАО ""РЕАТОН""",23239
648,"ОАО ""СахМП""",880
649,"АО ""РМК""",25192
650,"ПАО ""ЯТЭК""",4994
651,"ОАО ""НИТИ ""ПРОГРЕСС""",8992
652,"ОАО ""Ирбитский химфармзавод""",4436
653,"ПАО ""Кувандыкский завод КПО ""Долина""",12725
654,"ОАО  ""ПРОТОН-ИНВЕСТ""",23904
655,"ОАО ""Ивановострой""",25313
656,"АО ""МБК-С""",33382
657,"ООО ""ОАЭ""",37629
658,"ООО ТД ""Мясничий""",37422
659,ООО «ТРЕВЕЧ – Представитель»,36481
660,АО “ТПК”,15414
661,ООО «ТД РКС-СОЧИ»,38052
662,"АО ""Дорснаб""",10451
663,"ПАО ""ТМ""",14763
664,"ПАО ""Запсибкомбанк""",id=60
665,Евразийский банк развития,20533
666,"ПАО АФК ""Система""",4772
667,"ООО ""РГ Лизинг""",35659
668,"ОАО ""Эй Джи Си БСЗ""",10279
669,"АО ""Дальтрансгаз""",670
670,"ОАО ""МЕХАНИЗАТОР""",12804
671,"АО ""ЦЭРС и НТ РС(Я)""",10982
672,"ОАО ""КЖС""",2901
673,"ОАО ""Томскагропромпроект""",19572
674,ООО «О1 Груп Финанс»,36844
675,ПАО «МО»,4925
676,"ПАО ""Русский Север""",481
677,"ОАО ""Усалиагрохимсервис""",28101
678,"ПАО ""ПМСРЗ""",36247
679,"ОАО ""ВНИИМонтажспецстрой""",9783
680,"ОАО ""УПК Орел ГТУ"".",26714
681,"АО ""Завод ""ЭКОМАШ""",14048
682,"АО ЛК ""Зерно Сибири""",38133
683,"ПАО ""ИCКЧ""",7814
